date,count
2016-03-1,2.806451612903226
2016-03-2,2.806451612903226
2016-03-3,2.806451612903226
2016-03-4,2.806451612903226
2016-03-5,2.806451612903226
2016-03-6,2.806451612903226
2016-03-7,2.806451612903226
2016-03-8,2.806451612903226
2016-03-9,2.806451612903226
2016-03-10,2.806451612903226
2016-03-11,2.806451612903226
2016-03-12,2.806451612903226
2016-03-13,2.806451612903226
2016-03-14,2.806451612903226
2016-03-15,2.806451612903226
2016-03-16,2.806451612903226
2016-03-17,2.806451612903226
2016-03-18,2.806451612903226
2016-03-19,2.806451612903226
2016-03-20,2.806451612903226
2016-03-21,2.806451612903226
2016-03-22,2.806451612903226
2016-03-23,2.806451612903226
2016-03-24,2.806451612903226
2016-03-25,2.806451612903226
2016-03-26,2.806451612903226
2016-03-27,2.806451612903226
2016-03-28,2.806451612903226
2016-03-29,2.806451612903226
2016-03-30,2.806451612903226
2016-03-31,2.806451612903226
2016-04-1,4.0
2016-04-2,4.0
2016-04-3,4.0
2016-04-4,4.0
2016-04-5,4.0
2016-04-6,4.0
2016-04-7,4.0
2016-04-8,4.0
2016-04-9,4.0
2016-04-10,4.0
2016-04-11,4.0
2016-04-12,4.0
2016-04-13,4.0
2016-04-14,4.0
2016-04-15,4.0
2016-04-16,4.0
2016-04-17,4.0
2016-04-18,4.0
2016-04-19,4.0
2016-04-20,4.0
2016-04-21,4.0
2016-04-22,4.0
2016-04-23,4.0
2016-04-24,4.0
2016-04-25,4.0
2016-04-26,4.0
2016-04-27,4.0
2016-04-28,4.0
2016-04-29,4.0
2016-04-30,4.0
2016-05-1,3.129032258064516
2016-05-2,3.129032258064516
2016-05-3,3.129032258064516
2016-05-4,3.129032258064516
2016-05-5,3.129032258064516
2016-05-6,3.129032258064516
2016-05-7,3.129032258064516
2016-05-8,3.129032258064516
2016-05-9,3.129032258064516
2016-05-10,3.129032258064516
2016-05-11,3.129032258064516
2016-05-12,3.129032258064516
2016-05-13,3.129032258064516
2016-05-14,3.129032258064516
2016-05-15,3.129032258064516
2016-05-16,3.129032258064516
2016-05-17,3.129032258064516
2016-05-18,3.129032258064516
2016-05-19,3.129032258064516
2016-05-20,3.129032258064516
2016-05-21,3.129032258064516
2016-05-22,3.129032258064516
2016-05-23,3.129032258064516
2016-05-24,3.129032258064516
2016-05-25,3.129032258064516
2016-05-26,3.129032258064516
2016-05-27,3.129032258064516
2016-05-28,3.129032258064516
2016-05-29,3.129032258064516
2016-05-30,3.129032258064516
2016-05-31,3.129032258064516
2016-06-1,4.233333333333333
2016-06-2,4.233333333333333
2016-06-3,4.233333333333333
2016-06-4,4.233333333333333
2016-06-5,4.233333333333333
2016-06-6,4.233333333333333
2016-06-7,4.233333333333333
2016-06-8,4.233333333333333
2016-06-9,4.233333333333333
2016-06-10,4.233333333333333
2016-06-11,4.233333333333333
2016-06-12,4.233333333333333
2016-06-13,4.233333333333333
2016-06-14,4.233333333333333
2016-06-15,4.233333333333333
2016-06-16,4.233333333333333
2016-06-17,4.233333333333333
2016-06-18,4.233333333333333
2016-06-19,4.233333333333333
2016-06-20,4.233333333333333
2016-06-21,4.233333333333333
2016-06-22,4.233333333333333
2016-06-23,4.233333333333333
2016-06-24,4.233333333333333
2016-06-25,4.233333333333333
2016-06-26,4.233333333333333
2016-06-27,4.233333333333333
2016-06-28,4.233333333333333
2016-06-29,4.233333333333333
2016-06-30,4.233333333333333
2016-07-1,4.225806451612903
2016-07-2,4.225806451612903
2016-07-3,4.225806451612903
2016-07-4,4.225806451612903
2016-07-5,4.225806451612903
2016-07-6,4.225806451612903
2016-07-7,4.225806451612903
2016-07-8,4.225806451612903
2016-07-9,4.225806451612903
2016-07-10,4.225806451612903
2016-07-11,4.225806451612903
2016-07-12,4.225806451612903
2016-07-13,4.225806451612903
2016-07-14,4.225806451612903
2016-07-15,4.225806451612903
2016-07-16,4.225806451612903
2016-07-17,4.225806451612903
2016-07-18,4.225806451612903
2016-07-19,4.225806451612903
2016-07-20,4.225806451612903
2016-07-21,4.225806451612903
2016-07-22,4.225806451612903
2016-07-23,4.225806451612903
2016-07-24,4.225806451612903
2016-07-25,4.225806451612903
2016-07-26,4.225806451612903
2016-07-27,4.225806451612903
2016-07-28,4.225806451612903
2016-07-29,4.225806451612903
2016-07-30,4.225806451612903
2016-07-31,4.225806451612903
2016-08-1,3.903225806451613
2016-08-2,3.903225806451613
2016-08-3,3.903225806451613
2016-08-4,3.903225806451613
2016-08-5,3.903225806451613
2016-08-6,3.903225806451613
2016-08-7,3.903225806451613
2016-08-8,3.903225806451613
2016-08-9,3.903225806451613
2016-08-10,3.903225806451613
2016-08-11,3.903225806451613
2016-08-12,3.903225806451613
2016-08-13,3.903225806451613
2016-08-14,3.903225806451613
2016-08-15,3.903225806451613
2016-08-16,3.903225806451613
2016-08-17,3.903225806451613
2016-08-18,3.903225806451613
2016-08-19,3.903225806451613
2016-08-20,3.903225806451613
2016-08-21,3.903225806451613
2016-08-22,3.903225806451613
2016-08-23,3.903225806451613
2016-08-24,3.903225806451613
2016-08-25,3.903225806451613
2016-08-26,3.903225806451613
2016-08-27,3.903225806451613
2016-08-28,3.903225806451613
2016-08-29,3.903225806451613
2016-08-30,3.903225806451613
2016-08-31,3.903225806451613
2016-09-1,2.933333333333333
2016-09-2,2.933333333333333
2016-09-3,2.933333333333333
2016-09-4,2.933333333333333
2016-09-5,2.933333333333333
2016-09-6,2.933333333333333
2016-09-7,2.933333333333333
2016-09-8,2.933333333333333
2016-09-9,2.933333333333333
2016-09-10,2.933333333333333
2016-09-11,2.933333333333333
2016-09-12,2.933333333333333
2016-09-13,2.933333333333333
2016-09-14,2.933333333333333
2016-09-15,2.933333333333333
2016-09-16,2.933333333333333
2016-09-17,2.933333333333333
2016-09-18,2.933333333333333
2016-09-19,2.933333333333333
2016-09-20,2.933333333333333
2016-09-21,2.933333333333333
2016-09-22,2.933333333333333
2016-09-23,2.933333333333333
2016-09-24,2.933333333333333
2016-09-25,2.933333333333333
2016-09-26,2.933333333333333
2016-09-27,2.933333333333333
2016-09-28,2.933333333333333
2016-09-29,2.933333333333333
2016-09-30,2.933333333333333
2016-10-1,2.838709677419355
2016-10-2,2.838709677419355
2016-10-3,2.838709677419355
2016-10-4,2.838709677419355
2016-10-5,2.838709677419355
2016-10-6,2.838709677419355
2016-10-7,2.838709677419355
2016-10-8,2.838709677419355
2016-10-9,2.838709677419355
2016-10-10,2.838709677419355
2016-10-11,2.838709677419355
2016-10-12,2.838709677419355
2016-10-13,2.838709677419355
2016-10-14,2.838709677419355
2016-10-15,2.838709677419355
2016-10-16,2.838709677419355
2016-10-17,2.838709677419355
2016-10-18,2.838709677419355
2016-10-19,2.838709677419355
2016-10-20,2.838709677419355
2016-10-21,2.838709677419355
2016-10-22,2.838709677419355
2016-10-23,2.838709677419355
2016-10-24,2.838709677419355
2016-10-25,2.838709677419355
2016-10-26,2.838709677419355
2016-10-27,2.838709677419355
2016-10-28,2.838709677419355
2016-10-29,2.838709677419355
2016-10-30,2.838709677419355
2016-10-31,2.838709677419355
2016-11-1,3.1
2016-11-2,3.1
2016-11-3,3.1
2016-11-4,3.1
2016-11-5,3.1
2016-11-6,3.1
2016-11-7,3.1
2016-11-8,3.1
2016-11-9,3.1
2016-11-10,3.1
2016-11-11,3.1
2016-11-12,3.1
2016-11-13,3.1
2016-11-14,3.1
2016-11-15,3.1
2016-11-16,3.1
2016-11-17,3.1
2016-11-18,3.1
2016-11-19,3.1
2016-11-20,3.1
2016-11-21,3.1
2016-11-22,3.1
2016-11-23,3.1
2016-11-24,3.1
2016-11-25,3.1
2016-11-26,3.1
2016-11-27,3.1
2016-11-28,3.1
2016-11-29,3.1
2016-11-30,3.1
2016-12-1,3.7419354838709675
2016-12-2,3.7419354838709675
2016-12-3,3.7419354838709675
2016-12-4,3.7419354838709675
2016-12-5,3.7419354838709675
2016-12-6,3.7419354838709675
2016-12-7,3.7419354838709675
2016-12-8,3.7419354838709675
2016-12-9,3.7419354838709675
2016-12-10,3.7419354838709675
2016-12-11,3.7419354838709675
2016-12-12,3.7419354838709675
2016-12-13,3.7419354838709675
2016-12-14,3.7419354838709675
2016-12-15,3.7419354838709675
2016-12-16,3.7419354838709675
2016-12-17,3.7419354838709675
2016-12-18,3.7419354838709675
2016-12-19,3.7419354838709675
2016-12-20,3.7419354838709675
2016-12-21,3.7419354838709675
2016-12-22,3.7419354838709675
2016-12-23,3.7419354838709675
2016-12-24,3.7419354838709675
2016-12-25,3.7419354838709675
2016-12-26,3.7419354838709675
2016-12-27,3.7419354838709675
2016-12-28,3.7419354838709675
2016-12-29,3.7419354838709675
2016-12-30,3.7419354838709675
2016-12-31,3.7419354838709675
2017-01-1,2.2580645161290325
2017-01-2,2.2580645161290325
2017-01-3,2.2580645161290325
2017-01-4,2.2580645161290325
2017-01-5,2.2580645161290325
2017-01-6,2.2580645161290325
2017-01-7,2.2580645161290325
2017-01-8,2.2580645161290325
2017-01-9,2.2580645161290325
2017-01-10,2.2580645161290325
2017-01-11,2.2580645161290325
2017-01-12,2.2580645161290325
2017-01-13,2.2580645161290325
2017-01-14,2.2580645161290325
2017-01-15,2.2580645161290325
2017-01-16,2.2580645161290325
2017-01-17,2.2580645161290325
2017-01-18,2.2580645161290325
2017-01-19,2.2580645161290325
2017-01-20,2.2580645161290325
2017-01-21,2.2580645161290325
2017-01-22,2.2580645161290325
2017-01-23,2.2580645161290325
2017-01-24,2.2580645161290325
2017-01-25,2.2580645161290325
2017-01-26,2.2580645161290325
2017-01-27,2.2580645161290325
2017-01-28,2.2580645161290325
2017-01-29,2.2580645161290325
2017-01-30,2.2580645161290325
2017-01-31,2.2580645161290325